{"cameraMode":{"drawMode":0,"name":"Shaded","section":"Shading Mode"},"sceneLighting":true,"audioPlay":false,"sceneViewState":{"m_AlwaysRefresh":false,"showFog":true,"showSkybox":true,"showFlares":true,"showImageEffects":true,"showParticleSystems":true,"showVisualEffectGraphs":true,"m_FxEnabled":true},"in2DMode":false,"pivot":{"x":-3.7963154315948488,"y":1.6260910034179688,"z":-0.756918728351593},"rotation":{"x":-0.010804981924593449,"y":-0.027897823601961137,"z":0.00030138736474327743,"w":-0.9995508193969727},"size":2.336257219314575,"orthographic":false}