{"cameraMode":{"drawMode":0,"name":"Shaded","section":"Shading Mode"},"sceneLighting":true,"audioPlay":false,"sceneViewState":{"showFog":true,"showMaterialUpdate":false,"showSkybox":true,"showFlares":true,"showImageEffects":true,"showParticleSystems":true},"in2DMode":false,"pivot":{"x":-2.7352890968322756,"y":-3.9978389739990236,"z":0.0011479482054710389},"rotation":{"x":0.1464698165655136,"y":-0.6723810434341431,"z":0.1382671743631363,"w":0.7122727632522583},"size":3.886387586593628,"orthographic":false}