{"cameraMode":{"drawMode":0,"name":"Shaded","section":"Shading Mode"},"sceneLighting":false,"audioPlay":false,"sceneViewState":{"showFog":true,"showMaterialUpdate":false,"showSkybox":false,"showFlares":true,"showImageEffects":true,"showParticleSystems":true},"in2DMode":false,"pivot":{"x":-1.378499150276184,"y":-1.8509975671768189,"z":1.1276438236236573},"rotation":{"x":0.07125566154718399,"y":-0.9274128675460815,"z":0.2841515839099884,"w":0.2325640171766281},"size":4.386064529418945,"orthographic":false}