{"cameraMode":{"drawMode":0,"name":"Shaded","section":"Shading Mode"},"sceneLighting":true,"audioPlay":false,"sceneViewState":{"showFog":true,"showMaterialUpdate":false,"showSkybox":true,"showFlares":true,"showImageEffects":true,"showParticleSystems":true},"in2DMode":false,"pivot":{"x":0.08972989767789841,"y":-2.973726272583008,"z":-0.6437860131263733},"rotation":{"x":0.028794890269637109,"y":0.032380878925323489,"z":-0.0009335786453448236,"w":0.9990602731704712},"size":0.585788369178772,"orthographic":false}